Metric,Value
Expected Annual Return,0.0812807970662053
Expected Annual Volatility,0.09426154484656056
Sharpe Ratio,0.8622901014248664
